match_id,team_1,team_2,league,date,winner
ESPORTSTMNT01_2695708,LOUD,FURIA,CBLOL,2022-01-22 15:43:50,LOUD
ESPORTSTMNT01_2695774,Miners,Flamengo Esports,CBLOL,2022-01-22 17:19:08,Miners
ESPORTSTMNT01_2695807,KaBuM! Esports,INTZ,CBLOL,2022-01-22 18:29:37,KaBuM! Esports
ESPORTSTMNT01_2695835,Rensga eSports,RED Canids,CBLOL,2022-01-22 19:24:06,RED Canids
ESPORTSTMNT01_2696159,Liberty,Rensga eSports,CBLOL,2022-01-23 15:45:36,Liberty
ESPORTSTMNT01_2696199,RED Canids,LOUD,CBLOL,2022-01-23 16:53:17,RED Canids
ESPORTSTMNT01_2696249,INTZ,Miners,CBLOL,2022-01-23 18:05:53,Miners
ESPORTSTMNT01_2696303,Flamengo Esports,FURIA,CBLOL,2022-01-23 19:29:23,FURIA
ESPORTSTMNT01_2697844,paiN Gaming,Liberty,CBLOL,2022-01-27 19:45:23,paiN Gaming
ESPORTSTMNT01_2697879,paiN Gaming,KaBuM! Esports,CBLOL,2022-01-27 20:50:17,KaBuM! Esports
ESPORTSTMNT01_2731643,FURIA,Flamengo Esports,CBLOL,2022-02-26 16:19:00,FURIA
ESPORTSTMNT01_2731682,LOUD,RED Canids,CBLOL,2022-02-26 17:22:00,RED Canids
ESPORTSTMNT01_2731711,Rensga eSports,Liberty,CBLOL,2022-02-26 18:06:44,Rensga eSports
ESPORTSTMNT01_2731745,KaBuM! Esports,paiN Gaming,CBLOL,2022-02-26 19:17:05,paiN Gaming
ESPORTSTMNT01_2731791,Miners,INTZ,CBLOL,2022-02-26 20:21:45,Miners
ESPORTSTMNT01_2742201,Flamengo Esports,LOUD,CBLOL,2022-02-27 16:18:31,Flamengo Esports
ESPORTSTMNT01_2742246,INTZ,FURIA,CBLOL,2022-02-27 17:07:10,FURIA
ESPORTSTMNT01_2742333,paiN Gaming,Miners,CBLOL,2022-02-27 18:28:04,paiN Gaming
ESPORTSTMNT01_2742361,Liberty,RED Canids,CBLOL,2022-02-27 19:05:31,RED Canids
ESPORTSTMNT01_2742426,Rensga eSports,KaBuM! Esports,CBLOL,2022-02-27 20:08:12,KaBuM! Esports
ESPORTSTMNT01_2770585,FURIA,paiN Gaming,CBLOL,2022-03-05 15:45:09,FURIA
ESPORTSTMNT01_2770628,LOUD,Liberty,CBLOL,2022-03-05 17:04:54,LOUD
ESPORTSTMNT01_2770671,Flamengo Esports,INTZ,CBLOL,2022-03-05 18:17:22,Flamengo Esports
ESPORTSTMNT01_2770695,Miners,Rensga eSports,CBLOL,2022-03-05 19:23:56,Miners
ESPORTSTMNT01_2781109,INTZ,LOUD,CBLOL,2022-03-06 15:45:08,LOUD
ESPORTSTMNT01_2781166,paiN Gaming,Flamengo Esports,CBLOL,2022-03-06 16:50:33,paiN Gaming
ESPORTSTMNT01_2781212,RED Canids,Miners,CBLOL,2022-03-06 17:57:22,RED Canids
ESPORTSTMNT01_2781245,Liberty,KaBuM! Esports,CBLOL,2022-03-06 19:03:00,KaBuM! Esports
ESPORTSTMNT01_2781270,Rensga eSports,FURIA,CBLOL,2022-03-06 20:02:09,Rensga eSports
ESPORTSTMNT01_2783230,KaBuM! Esports,RED Canids,CBLOL,2022-03-10 19:45:07,KaBuM! Esports
ESPORTSTMNT01_3300413,Vivo Keyd Stars,Liberty,CBLOL,2023-02-04 17:41:29,Liberty
ESPORTSTMNT01_3300434,INTZ,Los Grandes,CBLOL,2023-02-04 19:33:57,Los Grandes
ESPORTSTMNT01_3300699,FURIA,Fluxo,CBLOL,2023-02-05 16:19:00,Fluxo
ESPORTSTMNT01_3300727,INTZ,paiN Gaming,CBLOL,2023-02-05 17:18:05,INTZ
ESPORTSTMNT01_3301406,RED Canids,LOUD,CBLOL,2023-02-04 20:36:41,RED Canids
ESPORTSTMNT01_3301792,KaBuM! Esports,RED Canids,CBLOL,2023-02-05 20:16:46,KaBuM! Esports
ESPORTSTMNT01_3302258,paiN Gaming,Fluxo,CBLOL,2023-02-04 16:25:43,paiN Gaming
ESPORTSTMNT01_3302316,KaBuM! Esports,FURIA,CBLOL,2023-02-04 18:39:19,KaBuM! Esports
ESPORTSTMNT01_3302641,Liberty,Los Grandes,CBLOL,2023-02-05 18:15:59,Los Grandes
ESPORTSTMNT01_3302674,Vivo Keyd Stars,LOUD,CBLOL,2023-02-05 19:23:19,LOUD
ESPORTSTMNT01_3309691,RED Canids,Liberty,CBLOL,2023-02-11 16:23:16,RED Canids
ESPORTSTMNT01_3309743,paiN Gaming,FURIA,CBLOL,2023-02-11 18:18:11,paiN Gaming
ESPORTSTMNT01_3311651,Fluxo,Vivo Keyd Stars,CBLOL,2023-02-11 17:20:25,Fluxo
ESPORTSTMNT01_3311712,Los Grandes,KaBuM! Esports,CBLOL,2023-02-11 19:29:28,Los Grandes
ESPORTSTMNT01_3311744,LOUD,INTZ,CBLOL,2023-02-11 20:34:32,LOUD
ESPORTSTMNT01_3312216,Los Grandes,LOUD,CBLOL,2023-02-12 17:21:01,Los Grandes
ESPORTSTMNT01_3313115,Vivo Keyd Stars,KaBuM! Esports,CBLOL,2023-02-12 16:20:04,KaBuM! Esports
ESPORTSTMNT01_3313202,FURIA,RED Canids,CBLOL,2023-02-12 18:15:40,FURIA
ESPORTSTMNT01_3313248,Fluxo,INTZ,CBLOL,2023-02-12 19:18:26,Fluxo
ESPORTSTMNT01_3313274,Liberty,paiN Gaming,CBLOL,2023-02-12 20:16:52,Liberty
ESPORTSTMNT01_3327386,Vivo Keyd Stars,INTZ,CBLOL,2023-03-19 18:18:28,Vivo Keyd Stars
ESPORTSTMNT01_3328015,LOUD,Los Grandes,CBLOL,2023-03-18 16:26:46,LOUD
ESPORTSTMNT01_3328068,INTZ,Fluxo,CBLOL,2023-03-18 18:19:27,INTZ
ESPORTSTMNT01_3328079,KaBuM! Esports,Vivo Keyd Stars,CBLOL,2023-03-18 19:22:58,KaBuM! Esports
ESPORTSTMNT01_3328094,RED Canids,FURIA,CBLOL,2023-03-18 20:15:09,FURIA
ESPORTSTMNT01_3328298,paiN Gaming,KaBuM! Esports,CBLOL,2023-03-19 16:19:21,paiN Gaming
ESPORTSTMNT01_3328379,Fluxo,RED Canids,CBLOL,2023-03-19 19:19:02,RED Canids
ESPORTSTMNT01_3328411,Los Grandes,FURIA,CBLOL,2023-03-19 20:29:21,FURIA
ESPORTSTMNT01_3329040,paiN Gaming,Liberty,CBLOL,2023-03-18 17:21:26,paiN Gaming
ESPORTSTMNT01_3329301,LOUD,Liberty,CBLOL,2023-03-19 17:21:37,LOUD
ESPORTSTMNT01_3330970,RED Canids,paiN Gaming,CBLOL,2023-03-25 16:28:01,paiN Gaming
ESPORTSTMNT01_3331687,FURIA,Fluxo,CBLOL,2023-03-24 18:39:01,FURIA
ESPORTSTMNT01_3331934,paiN Gaming,RED Canids,CBLOL,2023-03-25 17:38:11,paiN Gaming
ESPORTSTMNT01_3332679,FURIA,Fluxo,CBLOL,2023-03-24 16:25:14,FURIA
ESPORTSTMNT01_3332704,FURIA,Fluxo,CBLOL,2023-03-24 17:38:28,FURIA
ESPORTSTMNT01_3333009,paiN Gaming,RED Canids,CBLOL,2023-03-25 18:37:29,paiN Gaming
ESPORTSTMNT01_3333240,LOUD,Los Grandes,CBLOL,2023-03-26 18:20:19,LOUD
ESPORTSTMNT01_3334178,Los Grandes,LOUD,CBLOL,2023-03-26 17:21:09,Los Grandes
ESPORTSTMNT01_3334191,Los Grandes,LOUD,CBLOL,2023-03-26 19:16:34,LOUD
ESPORTSTMNT01_3335145,LOUD,Los Grandes,CBLOL,2023-03-26 16:28:02,LOUD
ESPORTSTMNT01_3336956,RED Canids,FURIA,CBLOL,2023-04-01 16:24:58,RED Canids
ESPORTSTMNT01_3336977,RED Canids,FURIA,CBLOL,2023-04-01 18:50:06,RED Canids
ESPORTSTMNT01_3337903,RED Canids,FURIA,CBLOL,2023-04-01 20:39:27,FURIA
ESPORTSTMNT01_3338904,FURIA,RED Canids,CBLOL,2023-04-01 17:42:06,FURIA
ESPORTSTMNT01_3338918,RED Canids,FURIA,CBLOL,2023-04-01 19:48:01,FURIA
ESPORTSTMNT01_3339169,paiN Gaming,LOUD,CBLOL,2023-04-02 16:27:08,paiN Gaming
ESPORTSTMNT01_3339186,LOUD,paiN Gaming,CBLOL,2023-04-02 17:28:11,LOUD
ESPORTSTMNT01_3340115,paiN Gaming,LOUD,CBLOL,2023-04-02 19:08:22,LOUD
ESPORTSTMNT01_3341080,paiN Gaming,LOUD,CBLOL,2023-04-02 18:12:21,LOUD
ESPORTSTMNT01_3342132,Los Grandes,FURIA,CBLOL,2023-04-08 16:26:53,Los Grandes
ESPORTSTMNT01_3342148,FURIA,Los Grandes,CBLOL,2023-04-08 17:20:15,Los Grandes
ESPORTSTMNT01_3342624,LOUD,paiN Gaming,CBLOL,2023-04-15 16:34:26,LOUD
ESPORTSTMNT01_3343177,Los Grandes,paiN Gaming,CBLOL,2023-04-09 16:26:50,paiN Gaming
ESPORTSTMNT01_3343196,Los Grandes,paiN Gaming,CBLOL,2023-04-09 18:20:53,Los Grandes
ESPORTSTMNT01_3344078,Los Grandes,FURIA,CBLOL,2023-04-08 18:23:43,Los Grandes
ESPORTSTMNT01_3344199,Los Grandes,paiN Gaming,CBLOL,2023-04-09 17:31:57,paiN Gaming
ESPORTSTMNT01_3344212,paiN Gaming,Los Grandes,CBLOL,2023-04-09 19:21:54,Los Grandes
ESPORTSTMNT01_3344227,paiN Gaming,Los Grandes,CBLOL,2023-04-09 20:32:22,paiN Gaming
ESPORTSTMNT01_3344571,LOUD,paiN Gaming,CBLOL,2023-04-15 17:29:19,LOUD
ESPORTSTMNT01_3344573,paiN Gaming,LOUD,CBLOL,2023-04-15 18:27:57,LOUD
ESPORTSTMNT01_3366804,Los Grandes,Liberty,CBLOL,2023-06-11 20:08:53,Los Grandes
ESPORTSTMNT01_3367400,Liberty,INTZ,CBLOL,2023-06-10 17:36:31,INTZ
ESPORTSTMNT01_3367459,RED Canids,FURIA,CBLOL,2023-06-10 20:55:37,RED Canids
ESPORTSTMNT01_3367727,Vivo Keyd Stars,KaBuM! Esports,CBLOL,2023-06-11 16:20:16,Vivo Keyd Stars
ESPORTSTMNT01_3367751,LOUD,Fluxo,CBLOL,2023-06-11 17:16:15,Fluxo
ESPORTSTMNT01_3367768,INTZ,RED Canids,CBLOL,2023-06-11 18:10:47,RED Canids
ESPORTSTMNT01_3367798,FURIA,paiN Gaming,CBLOL,2023-06-11 19:11:28,FURIA
ESPORTSTMNT01_3368322,paiN Gaming,LOUD,CBLOL,2023-06-10 16:32:32,paiN Gaming
ESPORTSTMNT01_3368381,KaBuM! Esports,Los Grandes,CBLOL,2023-06-10 18:46:29,Los Grandes
ESPORTSTMNT01_3368401,Fluxo,Vivo Keyd Stars,CBLOL,2023-06-10 19:50:33,Vivo Keyd Stars
ESPORTSTMNT01_3375984,Vivo Keyd Stars,INTZ,CBLOL,2023-06-17 16:20:10,INTZ
ESPORTSTMNT01_3376991,LOUD,RED Canids,CBLOL,2023-06-17 17:17:36,RED Canids
ESPORTSTMNT01_3379552,paiN Gaming,Vivo Keyd Stars,CBLOL,2023-06-18 17:24:40,paiN Gaming
ESPORTSTMNT01_3380024,KaBuM! Esports,Liberty,CBLOL,2023-06-17 18:17:49,Liberty
ESPORTSTMNT01_3380053,paiN Gaming,Los Grandes,CBLOL,2023-06-17 19:12:32,paiN Gaming
ESPORTSTMNT01_3380083,Fluxo,FURIA,CBLOL,2023-06-17 20:09:39,FURIA
ESPORTSTMNT01_3380451,INTZ,KaBuM! Esports,CBLOL,2023-06-18 16:17:38,INTZ
ESPORTSTMNT01_3380510,RED Canids,Fluxo,CBLOL,2023-06-18 18:15:07,Fluxo
ESPORTSTMNT01_3380533,Los Grandes,FURIA,CBLOL,2023-06-18 19:11:22,FURIA
ESPORTSTMNT01_3381541,Liberty,LOUD,CBLOL,2023-06-18 20:14:19,LOUD
ESPORTSTMNT01_3401931,paiN Gaming,INTZ,CBLOL,2023-07-29 19:24:23,INTZ
ESPORTSTMNT01_3402856,LOUD,Vivo Keyd Stars,CBLOL,2023-07-29 18:23:28,LOUD
ESPORTSTMNT01_3403796,RED Canids,Liberty,CBLOL,2023-07-29 16:29:13,RED Canids
ESPORTSTMNT01_3403830,Los Grandes,Fluxo,CBLOL,2023-07-29 17:22:42,Los Grandes
ESPORTSTMNT01_3403885,FURIA,KaBuM! Esports,CBLOL,2023-07-29 20:24:03,FURIA
ESPORTSTMNT01_3404170,Los Grandes,INTZ,CBLOL,2023-07-30 16:24:40,INTZ
ESPORTSTMNT01_3404199,KaBuM! Esports,RED Canids,CBLOL,2023-07-30 17:14:22,RED Canids
ESPORTSTMNT01_3404220,Vivo Keyd Stars,Liberty,CBLOL,2023-07-30 18:19:06,Vivo Keyd Stars
ESPORTSTMNT01_3405200,LOUD,FURIA,CBLOL,2023-07-30 19:08:23,LOUD
ESPORTSTMNT01_3406177,Fluxo,paiN Gaming,CBLOL,2023-07-30 20:05:22,paiN Gaming
ESPORTSTMNT01_3407963,RED Canids,Los Grandes,CBLOL,2023-08-05 18:48:51,RED Canids
ESPORTSTMNT01_3408848,FURIA,Vivo Keyd Stars,CBLOL,2023-08-05 16:17:08,FURIA
ESPORTSTMNT01_3409825,paiN Gaming,Liberty,CBLOL,2023-08-05 17:04:09,paiN Gaming
ESPORTSTMNT01_3409844,INTZ,LOUD,CBLOL,2023-08-05 17:54:19,LOUD
ESPORTSTMNT01_3409876,Fluxo,KaBuM! Esports,CBLOL,2023-08-05 19:46:15,Fluxo
ESPORTSTMNT01_3410246,KaBuM! Esports,paiN Gaming,CBLOL,2023-08-06 19:08:27,paiN Gaming
ESPORTSTMNT01_3411136,Los Grandes,LOUD,CBLOL,2023-08-06 16:23:05,LOUD
ESPORTSTMNT01_3411168,Liberty,FURIA,CBLOL,2023-08-06 18:21:06,Liberty
ESPORTSTMNT01_3411202,Vivo Keyd Stars,RED Canids,CBLOL,2023-08-06 20:18:54,Vivo Keyd Stars
ESPORTSTMNT01_3412133,INTZ,Fluxo,CBLOL,2023-08-06 17:25:44,INTZ
ESPORTSTMNT02_2552109,RED Canids,Liberty,CBLOL,2022-01-29 15:45:26,Liberty
ESPORTSTMNT02_2552154,Miners,paiN Gaming,CBLOL,2022-01-29 17:04:29,Miners
ESPORTSTMNT02_2552213,KaBuM! Esports,Rensga eSports,CBLOL,2022-01-29 18:14:54,KaBuM! Esports
ESPORTSTMNT02_2552248,FURIA,INTZ,CBLOL,2022-01-29 19:10:09,FURIA
ESPORTSTMNT02_2552282,LOUD,Flamengo Esports,CBLOL,2022-01-29 20:01:22,LOUD
ESPORTSTMNT02_2552610,RED Canids,KaBuM! Esports,CBLOL,2022-01-30 15:45:05,RED Canids
ESPORTSTMNT02_2552653,Liberty,LOUD,CBLOL,2022-01-30 16:52:58,Liberty
ESPORTSTMNT02_2552740,Rensga eSports,Miners,CBLOL,2022-01-30 17:58:17,Rensga eSports
ESPORTSTMNT02_2552773,paiN Gaming,FURIA,CBLOL,2022-01-30 19:01:49,FURIA
ESPORTSTMNT02_2552817,INTZ,Flamengo Esports,CBLOL,2022-01-30 20:01:23,INTZ
ESPORTSTMNT02_2556220,KaBuM! Esports,LOUD,CBLOL,2022-02-06 15:44:23,KaBuM! Esports
ESPORTSTMNT02_2556267,RED Canids,FURIA,CBLOL,2022-02-06 16:51:15,FURIA
ESPORTSTMNT02_2556322,paiN Gaming,INTZ,CBLOL,2022-02-06 17:48:47,INTZ
ESPORTSTMNT02_2556364,Liberty,Miners,CBLOL,2022-02-06 18:51:38,Liberty
ESPORTSTMNT02_2558340,FURIA,Rensga eSports,CBLOL,2022-02-10 19:44:57,FURIA
ESPORTSTMNT02_2558353,Rensga eSports,Flamengo Esports,CBLOL,2022-02-10 20:48:49,Flamengo Esports
ESPORTSTMNT02_2575812,Miners,RED Canids,CBLOL,2022-02-05 15:45:07,RED Canids
ESPORTSTMNT02_2575865,LOUD,INTZ,CBLOL,2022-02-05 16:59:05,LOUD
ESPORTSTMNT02_2575902,KaBuM! Esports,Liberty,CBLOL,2022-02-05 17:57:56,KaBuM! Esports
ESPORTSTMNT02_2575922,Flamengo Esports,paiN Gaming,CBLOL,2022-02-05 18:57:24,paiN Gaming
ESPORTSTMNT02_2660083,Miners,Liberty,CBLOL,2022-03-12 15:42:32,Miners
ESPORTSTMNT02_2660115,Flamengo Esports,Rensga eSports,CBLOL,2022-03-12 17:05:05,Rensga eSports
ESPORTSTMNT02_2660149,LOUD,KaBuM! Esports,CBLOL,2022-03-12 18:16:50,KaBuM! Esports
ESPORTSTMNT02_2660180,FURIA,RED Canids,CBLOL,2022-03-12 19:30:15,FURIA
ESPORTSTMNT02_2660207,INTZ,paiN Gaming,CBLOL,2022-03-12 20:41:43,paiN Gaming
ESPORTSTMNT02_2660440,KaBuM! Esports,Miners,CBLOL,2022-03-13 15:45:01,Miners
ESPORTSTMNT02_2660501,Rensga eSports,INTZ,CBLOL,2022-03-13 17:01:13,Rensga eSports
ESPORTSTMNT02_2660536,RED Canids,Flamengo Esports,CBLOL,2022-03-13 17:58:30,Flamengo Esports
ESPORTSTMNT02_2660574,paiN Gaming,LOUD,CBLOL,2022-03-13 18:44:29,paiN Gaming
ESPORTSTMNT02_2660639,Liberty,FURIA,CBLOL,2022-03-13 20:13:00,Liberty
ESPORTSTMNT02_2778045,paiN Gaming,RED Canids,CBLOL,2022-06-11 15:46:13,RED Canids
ESPORTSTMNT02_2778108,INTZ,Rensga eSports,CBLOL,2022-06-11 17:35:55,INTZ
ESPORTSTMNT02_2778137,Liberty,Miners,CBLOL,2022-06-11 18:16:05,Liberty
ESPORTSTMNT02_2778177,FURIA,KaBuM! Esports,CBLOL,2022-06-11 19:20:30,FURIA
ESPORTSTMNT02_2778214,Los Grandes,LOUD,CBLOL,2022-06-11 20:22:21,LOUD
ESPORTSTMNT02_2788841,FURIA,Liberty,CBLOL,2022-06-12 15:44:40,FURIA
ESPORTSTMNT02_2788976,KaBuM! Esports,Los Grandes,CBLOL,2022-06-12 17:24:32,KaBuM! Esports
ESPORTSTMNT02_2789001,Miners,INTZ,CBLOL,2022-06-12 18:03:47,Miners
ESPORTSTMNT02_2789075,LOUD,paiN Gaming,CBLOL,2022-06-12 19:08:20,paiN Gaming
ESPORTSTMNT02_2789167,Rensga eSports,RED Canids,CBLOL,2022-06-12 20:20:14,RED Canids
ESPORTSTMNT02_3151911,INTZ,Vivo Keyd Stars,CBLOL,2023-02-18 19:35:25,Vivo Keyd Stars
ESPORTSTMNT02_3151939,Liberty,LOUD,CBLOL,2023-02-18 20:35:31,LOUD
ESPORTSTMNT02_3153825,FURIA,Los Grandes,CBLOL,2023-02-18 16:18:43,Los Grandes
ESPORTSTMNT02_3153877,RED Canids,Fluxo,CBLOL,2023-02-18 17:32:35,Fluxo
ESPORTSTMNT02_3153897,KaBuM! Esports,paiN Gaming,CBLOL,2023-02-18 18:30:54,paiN Gaming
ESPORTSTMNT02_3154270,Fluxo,Los Grandes,CBLOL,2023-02-19 17:12:57,Fluxo
ESPORTSTMNT02_3154297,FURIA,Vivo Keyd Stars,CBLOL,2023-02-19 18:10:37,FURIA
ESPORTSTMNT02_3154330,paiN Gaming,LOUD,CBLOL,2023-02-19 19:18:05,paiN Gaming
ESPORTSTMNT02_3154355,KaBuM! Esports,Liberty,CBLOL,2023-02-19 20:14:53,Liberty
ESPORTSTMNT02_3155254,INTZ,RED Canids,CBLOL,2023-02-19 16:18:03,INTZ
ESPORTSTMNT02_3163681,LOUD,KaBuM! Esports,CBLOL,2023-02-25 17:28:15,LOUD
ESPORTSTMNT02_3163733,INTZ,FURIA,CBLOL,2023-02-25 20:47:45,FURIA
ESPORTSTMNT02_3164616,Vivo Keyd Stars,paiN Gaming,CBLOL,2023-02-25 16:20:36,paiN Gaming
ESPORTSTMNT02_3164695,Liberty,Fluxo,CBLOL,2023-02-25 19:41:38,Fluxo
ESPORTSTMNT02_3165582,RED Canids,Los Grandes,CBLOL,2023-02-25 18:40:14,Los Grandes
ESPORTSTMNT02_3165985,Liberty,FURIA,CBLOL,2023-02-26 17:26:53,FURIA
ESPORTSTMNT02_3166049,Fluxo,LOUD,CBLOL,2023-02-26 16:19:29,Fluxo
ESPORTSTMNT02_3167106,RED Canids,paiN Gaming,CBLOL,2023-02-26 18:25:48,RED Canids
ESPORTSTMNT02_3168031,Los Grandes,Vivo Keyd Stars,CBLOL,2023-02-26 19:39:40,Vivo Keyd Stars
ESPORTSTMNT02_3168056,KaBuM! Esports,INTZ,CBLOL,2023-02-26 20:38:03,INTZ
ESPORTSTMNT02_3210268,Fluxo,Liberty,CBLOL,2023-06-24 18:26:02,Fluxo
ESPORTSTMNT02_3210287,Los Grandes,Vivo Keyd Stars,CBLOL,2023-06-24 19:33:27,Vivo Keyd Stars
ESPORTSTMNT02_3210486,Liberty,RED Canids,CBLOL,2023-06-25 19:21:07,RED Canids
ESPORTSTMNT02_3211401,KaBuM! Esports,FURIA,CBLOL,2023-06-25 17:24:13,FURIA
ESPORTSTMNT02_3211413,Vivo Keyd Stars,LOUD,CBLOL,2023-06-25 18:23:16,LOUD
ESPORTSTMNT02_3212182,RED Canids,paiN Gaming,CBLOL,2023-06-24 16:22:25,RED Canids
ESPORTSTMNT02_3212196,FURIA,INTZ,CBLOL,2023-06-24 17:29:28,INTZ
ESPORTSTMNT02_3212243,LOUD,KaBuM! Esports,CBLOL,2023-06-24 20:23:50,LOUD
ESPORTSTMNT02_3212389,Fluxo,Los Grandes,CBLOL,2023-06-25 16:20:36,Fluxo
ESPORTSTMNT02_3212436,INTZ,paiN Gaming,CBLOL,2023-06-25 20:33:44,paiN Gaming
ESPORTSTMNT02_3216873,KaBuM! Esports,Fluxo,CBLOL,2023-07-02 19:09:46,Fluxo
ESPORTSTMNT02_3217150,INTZ,Los Grandes,CBLOL,2023-07-01 17:19:29,INTZ
ESPORTSTMNT02_3217185,Liberty,Vivo Keyd Stars,CBLOL,2023-07-01 20:30:16,Vivo Keyd Stars
ESPORTSTMNT02_3217355,Los Grandes,RED Canids,CBLOL,2023-07-02 16:19:28,RED Canids
ESPORTSTMNT02_3217365,Vivo Keyd Stars,FURIA,CBLOL,2023-07-02 17:21:34,Vivo Keyd Stars
ESPORTSTMNT02_3217378,Liberty,paiN Gaming,CBLOL,2023-07-02 18:21:23,paiN Gaming
ESPORTSTMNT02_3218102,FURIA,LOUD,CBLOL,2023-07-01 16:23:23,LOUD
ESPORTSTMNT02_3218112,RED Canids,KaBuM! Esports,CBLOL,2023-07-01 18:17:49,RED Canids
ESPORTSTMNT02_3218124,paiN Gaming,Fluxo,CBLOL,2023-07-01 19:24:09,paiN Gaming
ESPORTSTMNT02_3218326,LOUD,INTZ,CBLOL,2023-07-02 20:01:02,LOUD
ESPORTSTMNT02_3225650,Vivo Keyd Stars,Fluxo,CBLOL,2023-08-11 17:29:28,Fluxo
ESPORTSTMNT02_3225670,Fluxo,Vivo Keyd Stars,CBLOL,2023-08-11 20:33:18,Vivo Keyd Stars
ESPORTSTMNT02_3225802,paiN Gaming,INTZ,CBLOL,2023-08-12 16:29:53,paiN Gaming
ESPORTSTMNT02_3226664,Fluxo,Vivo Keyd Stars,CBLOL,2023-08-11 16:34:29,Vivo Keyd Stars
ESPORTSTMNT02_3226687,Vivo Keyd Stars,Fluxo,CBLOL,2023-08-11 18:32:58,Vivo Keyd Stars
ESPORTSTMNT02_3226692,Vivo Keyd Stars,Fluxo,CBLOL,2023-08-11 19:32:52,Fluxo
ESPORTSTMNT02_3226839,INTZ,paiN Gaming,CBLOL,2023-08-12 17:33:43,paiN Gaming
ESPORTSTMNT02_3226849,INTZ,paiN Gaming,CBLOL,2023-08-12 18:40:38,paiN Gaming
ESPORTSTMNT02_3226957,RED Canids,LOUD,CBLOL,2023-08-13 16:26:45,RED Canids
ESPORTSTMNT02_3226973,LOUD,RED Canids,CBLOL,2023-08-13 17:27:22,LOUD
ESPORTSTMNT02_3226983,RED Canids,LOUD,CBLOL,2023-08-13 19:16:55,LOUD
ESPORTSTMNT02_3227954,RED Canids,LOUD,CBLOL,2023-08-13 18:20:13,LOUD
ESPORTSTMNT02_3228699,paiN Gaming,LOUD,CBLOL,2023-08-20 16:17:16,LOUD
ESPORTSTMNT02_3228711,paiN Gaming,LOUD,CBLOL,2023-08-20 17:27:37,LOUD
ESPORTSTMNT02_3229572,Vivo Keyd Stars,INTZ,CBLOL,2023-08-19 16:15:47,Vivo Keyd Stars
ESPORTSTMNT02_3230572,INTZ,Vivo Keyd Stars,CBLOL,2023-08-19 17:07:54,INTZ
ESPORTSTMNT02_3230576,INTZ,Vivo Keyd Stars,CBLOL,2023-08-19 18:04:37,INTZ
ESPORTSTMNT02_3230586,INTZ,Vivo Keyd Stars,CBLOL,2023-08-19 19:10:40,INTZ
ESPORTSTMNT02_3230685,LOUD,paiN Gaming,CBLOL,2023-08-20 18:24:39,LOUD
ESPORTSTMNT02_3231197,RED Canids,INTZ,CBLOL,2023-08-26 16:15:07,RED Canids
ESPORTSTMNT02_3231208,RED Canids,INTZ,CBLOL,2023-08-26 18:00:23,RED Canids
ESPORTSTMNT02_3231287,RED Canids,paiN Gaming,CBLOL,2023-08-27 20:11:15,paiN Gaming
ESPORTSTMNT02_3232204,INTZ,RED Canids,CBLOL,2023-08-26 18:52:21,RED Canids
ESPORTSTMNT02_3232276,paiN Gaming,RED Canids,CBLOL,2023-08-27 16:16:11,paiN Gaming
ESPORTSTMNT02_3232282,RED Canids,paiN Gaming,CBLOL,2023-08-27 17:10:44,RED Canids
ESPORTSTMNT02_3232286,RED Canids,paiN Gaming,CBLOL,2023-08-27 19:07:46,paiN Gaming
ESPORTSTMNT02_3232866,paiN Gaming,LOUD,CBLOL,2023-09-09 16:36:30,LOUD
ESPORTSTMNT02_3233162,INTZ,RED Canids,CBLOL,2023-08-26 17:08:03,INTZ
ESPORTSTMNT02_3233233,paiN Gaming,RED Canids,CBLOL,2023-08-27 18:11:32,RED Canids
ESPORTSTMNT02_3233840,LOUD,paiN Gaming,CBLOL,2023-09-09 17:35:10,LOUD
ESPORTSTMNT02_3233842,LOUD,paiN Gaming,CBLOL,2023-09-09 18:38:55,paiN Gaming
ESPORTSTMNT02_3233843,paiN Gaming,LOUD,CBLOL,2023-09-09 19:36:21,LOUD
ESPORTSTMNT03_2542608,Liberty,Flamengo Esports,CBLOL,2022-02-13 15:46:01,Liberty
ESPORTSTMNT03_2542652,KaBuM! Esports,FURIA,CBLOL,2022-02-13 16:57:03,FURIA
ESPORTSTMNT03_2542716,Miners,LOUD,CBLOL,2022-02-13 17:59:48,LOUD
ESPORTSTMNT03_2542777,RED Canids,INTZ,CBLOL,2022-02-13 19:35:55,RED Canids
ESPORTSTMNT03_2542841,Rensga eSports,paiN Gaming,CBLOL,2022-02-13 20:42:35,paiN Gaming
ESPORTSTMNT03_2562201,INTZ,Rensga eSports,CBLOL,2022-02-12 15:44:44,Rensga eSports
ESPORTSTMNT03_2562244,Flamengo Esports,RED Canids,CBLOL,2022-02-12 16:52:31,Flamengo Esports
ESPORTSTMNT03_2562289,FURIA,Liberty,CBLOL,2022-02-12 17:56:01,FURIA
ESPORTSTMNT03_2562322,LOUD,paiN Gaming,CBLOL,2022-02-12 18:58:26,LOUD
ESPORTSTMNT03_2562354,Miners,KaBuM! Esports,CBLOL,2022-02-12 20:04:54,KaBuM! Esports
ESPORTSTMNT03_2566738,FURIA,Miners,CBLOL,2022-02-19 15:44:54,Miners
ESPORTSTMNT03_2566789,paiN Gaming,RED Canids,CBLOL,2022-02-19 17:05:43,RED Canids
ESPORTSTMNT03_2566823,Flamengo Esports,KaBuM! Esports,CBLOL,2022-02-19 18:06:50,KaBuM! Esports
ESPORTSTMNT03_2566834,LOUD,Rensga eSports,CBLOL,2022-02-19 19:04:08,LOUD
ESPORTSTMNT03_2566875,INTZ,Liberty,CBLOL,2022-02-19 20:00:51,Liberty
ESPORTSTMNT03_2567303,RED Canids,Rensga eSports,CBLOL,2022-02-20 15:45:23,RED Canids
ESPORTSTMNT03_2567360,INTZ,KaBuM! Esports,CBLOL,2022-02-20 16:48:38,INTZ
ESPORTSTMNT03_2567414,Liberty,paiN Gaming,CBLOL,2022-02-20 17:49:12,Liberty
ESPORTSTMNT03_2567462,Flamengo Esports,Miners,CBLOL,2022-02-20 18:54:59,Miners
ESPORTSTMNT03_2567516,FURIA,LOUD,CBLOL,2022-02-20 19:51:32,LOUD
ESPORTSTMNT03_2631752,Liberty,INTZ,CBLOL,2022-03-20 15:45:58,Liberty
ESPORTSTMNT03_2631762,Rensga eSports,LOUD,CBLOL,2022-03-20 16:48:42,LOUD
ESPORTSTMNT03_2631796,Miners,FURIA,CBLOL,2022-03-20 17:58:10,FURIA
ESPORTSTMNT03_2631825,KaBuM! Esports,Flamengo Esports,CBLOL,2022-03-20 18:58:49,KaBuM! Esports
ESPORTSTMNT03_2631856,RED Canids,paiN Gaming,CBLOL,2022-03-20 19:55:55,paiN Gaming
ESPORTSTMNT03_2633616,KaBuM! Esports,RED Canids,CBLOL,2022-03-26 15:44:55,KaBuM! Esports
ESPORTSTMNT03_2633644,RED Canids,KaBuM! Esports,CBLOL,2022-03-26 16:56:50,KaBuM! Esports
ESPORTSTMNT03_2633657,RED Canids,KaBuM! Esports,CBLOL,2022-03-26 17:52:21,KaBuM! Esports
ESPORTSTMNT03_2635924,RED Canids,Liberty,CBLOL,2022-04-02 17:00:13,RED Canids
ESPORTSTMNT03_2635930,Liberty,RED Canids,CBLOL,2022-04-02 17:59:06,RED Canids
ESPORTSTMNT03_2635949,Liberty,RED Canids,CBLOL,2022-04-02 19:00:34,Liberty
ESPORTSTMNT03_2635970,RED Canids,Liberty,CBLOL,2022-04-02 19:44:13,RED Canids
ESPORTSTMNT03_2637518,RED Canids,KaBuM! Esports,CBLOL,2022-04-10 15:45:10,KaBuM! Esports
ESPORTSTMNT03_2637520,RED Canids,KaBuM! Esports,CBLOL,2022-04-10 17:02:07,RED Canids
ESPORTSTMNT03_2637524,RED Canids,KaBuM! Esports,CBLOL,2022-04-10 17:50:16,RED Canids
ESPORTSTMNT03_2637527,KaBuM! Esports,RED Canids,CBLOL,2022-04-10 18:50:34,RED Canids
ESPORTSTMNT03_2638459,RED Canids,paiN Gaming,CBLOL,2022-04-23 17:07:14,RED Canids
ESPORTSTMNT03_2638460,RED Canids,paiN Gaming,CBLOL,2022-04-23 18:01:45,paiN Gaming
ESPORTSTMNT03_2651434,paiN Gaming,Rensga eSports,CBLOL,2022-03-19 15:44:44,paiN Gaming
ESPORTSTMNT03_2651447,FURIA,KaBuM! Esports,CBLOL,2022-03-19 16:59:51,KaBuM! Esports
ESPORTSTMNT03_2651460,Flamengo Esports,Liberty,CBLOL,2022-03-19 17:58:57,Liberty
ESPORTSTMNT03_2651473,INTZ,RED Canids,CBLOL,2022-03-19 18:58:50,RED Canids
ESPORTSTMNT03_2651501,LOUD,Miners,CBLOL,2022-03-19 20:02:12,Miners
ESPORTSTMNT03_2653081,Miners,Liberty,CBLOL,2022-03-25 15:45:08,Liberty
ESPORTSTMNT03_2653100,Liberty,Miners,CBLOL,2022-03-25 17:00:57,Liberty
ESPORTSTMNT03_2653118,Liberty,Miners,CBLOL,2022-03-25 18:09:35,Liberty
ESPORTSTMNT03_2653763,paiN Gaming,FURIA,CBLOL,2022-03-27 15:46:31,paiN Gaming
ESPORTSTMNT03_2653778,FURIA,paiN Gaming,CBLOL,2022-03-27 16:54:28,FURIA
ESPORTSTMNT03_2653794,FURIA,paiN Gaming,CBLOL,2022-03-27 17:58:59,FURIA
ESPORTSTMNT03_2653842,paiN Gaming,FURIA,CBLOL,2022-03-27 19:24:54,paiN Gaming
ESPORTSTMNT03_2653869,FURIA,paiN Gaming,CBLOL,2022-03-27 20:27:42,paiN Gaming
ESPORTSTMNT03_2655697,RED Canids,Liberty,CBLOL,2022-04-02 15:47:36,Liberty
ESPORTSTMNT03_2655923,KaBuM! Esports,paiN Gaming,CBLOL,2022-04-03 15:45:04,paiN Gaming
ESPORTSTMNT03_2655944,KaBuM! Esports,paiN Gaming,CBLOL,2022-04-03 17:01:13,paiN Gaming
ESPORTSTMNT03_2655962,paiN Gaming,KaBuM! Esports,CBLOL,2022-04-03 18:02:42,paiN Gaming
ESPORTSTMNT03_2657090,FURIA,RED Canids,CBLOL,2022-04-09 15:45:18,RED Canids
ESPORTSTMNT03_2657101,RED Canids,FURIA,CBLOL,2022-04-09 16:59:18,FURIA
ESPORTSTMNT03_2657112,RED Canids,FURIA,CBLOL,2022-04-09 18:21:56,RED Canids
ESPORTSTMNT03_2657120,RED Canids,FURIA,CBLOL,2022-04-09 19:19:28,RED Canids
ESPORTSTMNT03_2658136,RED Canids,paiN Gaming,CBLOL,2022-04-23 15:45:05,paiN Gaming
ESPORTSTMNT03_2658140,RED Canids,paiN Gaming,CBLOL,2022-04-23 18:59:11,RED Canids
ESPORTSTMNT03_2658141,RED Canids,paiN Gaming,CBLOL,2022-04-23 19:51:22,RED Canids
ESPORTSTMNT03_2791281,LOUD,KaBuM! Esports,CBLOL,2022-06-18 15:42:39,KaBuM! Esports
ESPORTSTMNT03_2791310,INTZ,FURIA,CBLOL,2022-06-18 16:52:16,FURIA
ESPORTSTMNT03_2791354,Liberty,Los Grandes,CBLOL,2022-06-18 18:36:43,Los Grandes
ESPORTSTMNT03_2791374,RED Canids,Miners,CBLOL,2022-06-18 19:24:15,RED Canids
ESPORTSTMNT03_2791433,paiN Gaming,Rensga eSports,CBLOL,2022-06-18 20:30:51,paiN Gaming
ESPORTSTMNT03_2791857,LOUD,Liberty,CBLOL,2022-06-19 15:42:23,LOUD
ESPORTSTMNT03_2791916,KaBuM! Esports,paiN Gaming,CBLOL,2022-06-19 17:16:26,paiN Gaming
ESPORTSTMNT03_2791942,Los Grandes,INTZ,CBLOL,2022-06-19 17:59:53,Los Grandes
ESPORTSTMNT03_2791989,FURIA,RED Canids,CBLOL,2022-06-19 18:56:34,FURIA
ESPORTSTMNT03_2792056,Miners,Rensga eSports,CBLOL,2022-06-19 19:56:54,Miners
ESPORTSTMNT03_2796608,INTZ,LOUD,CBLOL,2022-06-25 15:45:26,LOUD
ESPORTSTMNT03_2796690,paiN Gaming,Miners,CBLOL,2022-06-25 17:44:01,paiN Gaming
ESPORTSTMNT03_2796722,RED Canids,Los Grandes,CBLOL,2022-06-25 18:58:17,RED Canids
ESPORTSTMNT03_2796743,Liberty,KaBuM! Esports,CBLOL,2022-06-25 19:36:26,Liberty
ESPORTSTMNT03_2796796,Rensga eSports,FURIA,CBLOL,2022-06-25 20:45:26,Rensga eSports
ESPORTSTMNT03_2797366,Liberty,paiN Gaming,CBLOL,2022-06-26 15:46:12,Liberty
ESPORTSTMNT03_2797418,LOUD,RED Canids,CBLOL,2022-06-26 16:59:55,RED Canids
ESPORTSTMNT03_2797537,FURIA,Miners,CBLOL,2022-06-26 19:31:45,FURIA
ESPORTSTMNT03_2797565,Los Grandes,Rensga eSports,CBLOL,2022-06-26 20:08:42,Los Grandes
ESPORTSTMNT03_2797609,KaBuM! Esports,INTZ,CBLOL,2022-06-26 21:17:15,KaBuM! Esports
ESPORTSTMNT03_3086486,Liberty,KaBuM! Esports,CBLOL,2023-01-21 17:35:26,Liberty
ESPORTSTMNT03_3086653,Los Grandes,RED Canids,CBLOL,2023-01-22 16:24:46,RED Canids
ESPORTSTMNT03_3086700,KaBuM! Esports,LOUD,CBLOL,2023-01-22 19:46:59,LOUD
ESPORTSTMNT03_3086706,Fluxo,Liberty,CBLOL,2023-01-22 20:55:43,Liberty
ESPORTSTMNT03_3087499,LOUD,paiN Gaming,CBLOL,2023-01-21 16:38:16,LOUD
ESPORTSTMNT03_3087532,Los Grandes,Fluxo,CBLOL,2023-01-21 18:55:07,Los Grandes
ESPORTSTMNT03_3087549,RED Canids,INTZ,CBLOL,2023-01-21 19:56:12,RED Canids
ESPORTSTMNT03_3087692,FURIA,INTZ,CBLOL,2023-01-22 17:26:46,INTZ
ESPORTSTMNT03_3087701,paiN Gaming,Vivo Keyd Stars,CBLOL,2023-01-22 18:36:34,paiN Gaming
ESPORTSTMNT03_3088580,Vivo Keyd Stars,FURIA,CBLOL,2023-01-21 21:01:52,Vivo Keyd Stars
ESPORTSTMNT03_3092417,LOUD,Fluxo,CBLOL,2023-01-28 16:19:23,Fluxo
ESPORTSTMNT03_3092442,INTZ,KaBuM! Esports,CBLOL,2023-01-28 17:20:11,KaBuM! Esports
ESPORTSTMNT03_3092740,Liberty,INTZ,CBLOL,2023-01-29 16:16:03,INTZ
ESPORTSTMNT03_3092796,RED Canids,Vivo Keyd Stars,CBLOL,2023-01-29 18:14:05,RED Canids
ESPORTSTMNT03_3092815,LOUD,FURIA,CBLOL,2023-01-29 19:07:27,FURIA
ESPORTSTMNT03_3093417,FURIA,Liberty,CBLOL,2023-01-28 18:33:07,FURIA
ESPORTSTMNT03_3094402,paiN Gaming,RED Canids,CBLOL,2023-01-28 19:51:27,RED Canids
ESPORTSTMNT03_3094421,Vivo Keyd Stars,Los Grandes,CBLOL,2023-01-28 20:50:44,Los Grandes
ESPORTSTMNT03_3094708,Los Grandes,paiN Gaming,CBLOL,2023-01-29 17:13:06,Los Grandes
ESPORTSTMNT03_3094757,Fluxo,KaBuM! Esports,CBLOL,2023-01-29 20:02:23,KaBuM! Esports
ESPORTSTMNT03_3114863,INTZ,Liberty,CBLOL,2023-03-04 16:22:55,INTZ
ESPORTSTMNT03_3114925,Vivo Keyd Stars,RED Canids,CBLOL,2023-03-04 17:59:00,RED Canids
ESPORTSTMNT03_3114975,KaBuM! Esports,Fluxo,CBLOL,2023-03-04 20:15:19,Fluxo
ESPORTSTMNT03_3116931,FURIA,LOUD,CBLOL,2023-03-04 18:59:00,LOUD
ESPORTSTMNT03_3116979,paiN Gaming,Los Grandes,CBLOL,2023-03-04 21:12:42,paiN Gaming
ESPORTSTMNT03_3117387,LOUD,RED Canids,CBLOL,2023-03-05 17:35:04,LOUD
ESPORTSTMNT03_3117421,Los Grandes,INTZ,CBLOL,2023-03-05 18:32:29,Los Grandes
ESPORTSTMNT03_3117452,Fluxo,paiN Gaming,CBLOL,2023-03-05 20:37:03,paiN Gaming
ESPORTSTMNT03_3118326,FURIA,KaBuM! Esports,CBLOL,2023-03-05 16:18:14,KaBuM! Esports
ESPORTSTMNT03_3119387,Liberty,Vivo Keyd Stars,CBLOL,2023-03-05 19:30:16,Vivo Keyd Stars
ESPORTSTMNT03_3126234,Fluxo,FURIA,CBLOL,2023-03-11 17:22:36,FURIA
ESPORTSTMNT03_3126254,RED Canids,KaBuM! Esports,CBLOL,2023-03-11 18:25:10,RED Canids
ESPORTSTMNT03_3126281,Los Grandes,Liberty,CBLOL,2023-03-11 19:23:23,Los Grandes
ESPORTSTMNT03_3126529,KaBuM! Esports,Los Grandes,CBLOL,2023-03-12 16:21:43,Los Grandes
ESPORTSTMNT03_3126561,FURIA,paiN Gaming,CBLOL,2023-03-12 17:25:38,paiN Gaming
ESPORTSTMNT03_3126579,Liberty,RED Canids,CBLOL,2023-03-12 18:28:23,RED Canids
ESPORTSTMNT03_3127162,LOUD,Vivo Keyd Stars,CBLOL,2023-03-11 16:24:13,LOUD
ESPORTSTMNT03_3127554,Vivo Keyd Stars,Fluxo,CBLOL,2023-03-12 20:27:37,Fluxo
ESPORTSTMNT03_3128240,paiN Gaming,INTZ,CBLOL,2023-03-11 20:26:11,paiN Gaming
ESPORTSTMNT03_3128544,INTZ,LOUD,CBLOL,2023-03-12 19:27:37,LOUD
ESPORTSTMNT03_3177889,LOUD,Los Grandes,CBLOL,2023-07-08 19:45:27,LOUD
ESPORTSTMNT03_3178793,FURIA,Liberty,CBLOL,2023-07-08 16:25:57,FURIA
ESPORTSTMNT03_3179835,RED Canids,Vivo Keyd Stars,CBLOL,2023-07-08 17:47:51,RED Canids
ESPORTSTMNT03_3179855,Fluxo,INTZ,CBLOL,2023-07-08 18:42:28,INTZ
ESPORTSTMNT03_3179921,paiN Gaming,KaBuM! Esports,CBLOL,2023-07-08 20:38:09,paiN Gaming
ESPORTSTMNT03_3181391,LOUD,paiN Gaming,CBLOL,2023-07-09 20:36:33,LOUD
ESPORTSTMNT03_3182244,Vivo Keyd Stars,Fluxo,CBLOL,2023-07-09 16:36:03,Fluxo
ESPORTSTMNT03_3182296,Los Grandes,KaBuM! Esports,CBLOL,2023-07-09 17:33:27,Los Grandes
ESPORTSTMNT03_3182321,INTZ,Liberty,CBLOL,2023-07-09 18:23:02,INTZ
ESPORTSTMNT03_3182352,FURIA,RED Canids,CBLOL,2023-07-09 19:18:50,RED Canids
ESPORTSTMNT03_3186730,KaBuM! Esports,Vivo Keyd Stars,CBLOL,2023-07-15 17:11:06,Vivo Keyd Stars
ESPORTSTMNT03_3187709,Fluxo,LOUD,CBLOL,2023-07-15 18:11:27,Fluxo
ESPORTSTMNT03_3187730,Liberty,Los Grandes,CBLOL,2023-07-15 19:10:00,Los Grandes
ESPORTSTMNT03_3187747,RED Canids,INTZ,CBLOL,2023-07-15 20:07:01,RED Canids
ESPORTSTMNT03_3188628,paiN Gaming,FURIA,CBLOL,2023-07-15 16:19:12,paiN Gaming
ESPORTSTMNT03_3188997,Liberty,KaBuM! Esports,CBLOL,2023-07-16 16:22:26,KaBuM! Esports
ESPORTSTMNT03_3189125,Los Grandes,paiN Gaming,CBLOL,2023-07-16 17:23:07,paiN Gaming
ESPORTSTMNT03_3190206,INTZ,Vivo Keyd Stars,CBLOL,2023-07-16 20:23:07,Vivo Keyd Stars
ESPORTSTMNT03_3191065,FURIA,Fluxo,CBLOL,2023-07-16 18:19:10,Fluxo
ESPORTSTMNT03_3191111,RED Canids,LOUD,CBLOL,2023-07-16 19:18:37,RED Canids
ESPORTSTMNT03_3195065,LOUD,Liberty,CBLOL,2023-07-22 17:40:02,LOUD
ESPORTSTMNT03_3195074,Vivo Keyd Stars,paiN Gaming,CBLOL,2023-07-22 18:34:58,paiN Gaming
ESPORTSTMNT03_3195090,KaBuM! Esports,INTZ,CBLOL,2023-07-22 19:28:07,INTZ
ESPORTSTMNT03_3195284,KaBuM! Esports,LOUD,CBLOL,2023-07-23 19:23:51,LOUD
ESPORTSTMNT03_3195302,Vivo Keyd Stars,Los Grandes,CBLOL,2023-07-23 20:16:47,Vivo Keyd Stars
ESPORTSTMNT03_3196002,Fluxo,RED Canids,CBLOL,2023-07-22 16:29:26,Fluxo
ESPORTSTMNT03_3196075,FURIA,Los Grandes,CBLOL,2023-07-22 20:23:45,Los Grandes
ESPORTSTMNT03_3196226,paiN Gaming,RED Canids,CBLOL,2023-07-23 17:27:36,paiN Gaming
ESPORTSTMNT03_3196246,INTZ,FURIA,CBLOL,2023-07-23 18:24:40,FURIA
ESPORTSTMNT03_3197161,Liberty,Fluxo,CBLOL,2023-07-23 16:25:23,Fluxo
ESPORTSTMNT04_2410410,Miners,Los Grandes,CBLOL,2022-07-02 15:45:11,Miners
ESPORTSTMNT04_2410427,Rensga eSports,LOUD,CBLOL,2022-07-02 16:59:08,LOUD
ESPORTSTMNT04_2410445,RED Canids,KaBuM! Esports,CBLOL,2022-07-02 17:54:50,RED Canids
ESPORTSTMNT04_2410459,paiN Gaming,FURIA,CBLOL,2022-07-02 19:02:26,paiN Gaming
ESPORTSTMNT04_2410478,INTZ,Liberty,CBLOL,2022-07-02 20:06:42,Liberty
ESPORTSTMNT04_2430673,KaBuM! Esports,Rensga eSports,CBLOL,2022-07-03 15:45:08,KaBuM! Esports
ESPORTSTMNT04_2430681,Liberty,RED Canids,CBLOL,2022-07-03 16:51:50,RED Canids
ESPORTSTMNT04_2430692,INTZ,paiN Gaming,CBLOL,2022-07-03 17:50:15,paiN Gaming
ESPORTSTMNT04_2430703,LOUD,Miners,CBLOL,2022-07-03 18:56:35,LOUD
ESPORTSTMNT04_2430723,Los Grandes,FURIA,CBLOL,2022-07-03 19:51:57,FURIA
ESPORTSTMNT04_2450239,FURIA,Los Grandes,CBLOL,2022-08-06 15:45:20,FURIA
ESPORTSTMNT04_2450274,RED Canids,Liberty,CBLOL,2022-08-06 17:09:23,RED Canids
ESPORTSTMNT04_2450302,Rensga eSports,KaBuM! Esports,CBLOL,2022-08-06 18:08:16,KaBuM! Esports
ESPORTSTMNT04_2450317,Miners,LOUD,CBLOL,2022-08-06 19:05:09,LOUD
ESPORTSTMNT04_2450333,paiN Gaming,INTZ,CBLOL,2022-08-06 20:05:25,paiN Gaming
ESPORTSTMNT04_2451020,KaBuM! Esports,Miners,CBLOL,2022-08-12 15:44:59,KaBuM! Esports
ESPORTSTMNT04_2451041,Miners,KaBuM! Esports,CBLOL,2022-08-12 16:54:22,KaBuM! Esports
ESPORTSTMNT04_2451054,KaBuM! Esports,Miners,CBLOL,2022-08-12 17:48:02,KaBuM! Esports
ESPORTSTMNT04_2451733,RED Canids,KaBuM! Esports,CBLOL,2022-08-20 15:45:14,RED Canids
ESPORTSTMNT04_2451745,KaBuM! Esports,RED Canids,CBLOL,2022-08-20 17:10:49,KaBuM! Esports
ESPORTSTMNT04_2451746,RED Canids,KaBuM! Esports,CBLOL,2022-08-20 18:08:02,RED Canids
ESPORTSTMNT04_2451749,KaBuM! Esports,RED Canids,CBLOL,2022-08-20 19:04:00,RED Canids
ESPORTSTMNT04_2451785,LOUD,paiN Gaming,CBLOL,2022-08-21 15:45:20,LOUD
ESPORTSTMNT04_2451797,paiN Gaming,LOUD,CBLOL,2022-08-21 17:09:34,paiN Gaming
ESPORTSTMNT04_2451799,LOUD,paiN Gaming,CBLOL,2022-08-21 18:04:02,paiN Gaming
ESPORTSTMNT04_2451801,paiN Gaming,LOUD,CBLOL,2022-08-21 19:08:32,LOUD
ESPORTSTMNT04_2451805,LOUD,paiN Gaming,CBLOL,2022-08-21 20:22:07,paiN Gaming
ESPORTSTMNT04_2470389,KaBuM! Esports,Miners,CBLOL,2022-08-07 15:45:28,KaBuM! Esports
ESPORTSTMNT04_2470399,Los Grandes,paiN Gaming,CBLOL,2022-08-07 16:48:14,Los Grandes
ESPORTSTMNT04_2470413,INTZ,RED Canids,CBLOL,2022-08-07 17:38:46,RED Canids
ESPORTSTMNT04_2470430,Liberty,Rensga eSports,CBLOL,2022-08-07 18:47:06,Liberty
ESPORTSTMNT04_2470433,LOUD,FURIA,CBLOL,2022-08-07 19:21:35,LOUD
ESPORTSTMNT04_2471308,FURIA,paiN Gaming,CBLOL,2022-08-13 15:45:19,FURIA
ESPORTSTMNT04_2471331,FURIA,paiN Gaming,CBLOL,2022-08-13 17:11:42,paiN Gaming
ESPORTSTMNT04_2471344,FURIA,paiN Gaming,CBLOL,2022-08-13 18:12:51,paiN Gaming
ESPORTSTMNT04_2471358,FURIA,paiN Gaming,CBLOL,2022-08-13 19:20:42,paiN Gaming
ESPORTSTMNT04_2471439,RED Canids,LOUD,CBLOL,2022-08-14 15:45:06,RED Canids
ESPORTSTMNT04_2471461,RED Canids,LOUD,CBLOL,2022-08-14 17:05:14,LOUD
ESPORTSTMNT04_2471475,RED Canids,LOUD,CBLOL,2022-08-14 17:55:58,LOUD
ESPORTSTMNT04_2471486,RED Canids,LOUD,CBLOL,2022-08-14 18:54:38,LOUD
ESPORTSTMNT04_2472051,FURIA,RED Canids,CBLOL,2022-08-27 15:45:26,FURIA
ESPORTSTMNT04_2472071,RED Canids,FURIA,CBLOL,2022-08-27 17:03:52,RED Canids
ESPORTSTMNT04_2472073,FURIA,RED Canids,CBLOL,2022-08-27 17:56:37,FURIA
ESPORTSTMNT04_2472076,RED Canids,FURIA,CBLOL,2022-08-27 18:50:03,RED Canids
ESPORTSTMNT04_2472078,FURIA,RED Canids,CBLOL,2022-08-27 19:53:14,FURIA
ESPORTSTMNT04_2472114,LOUD,FURIA,CBLOL,2022-08-28 15:45:44,LOUD
ESPORTSTMNT04_2472121,FURIA,LOUD,CBLOL,2022-08-28 17:10:56,LOUD
ESPORTSTMNT04_2472122,LOUD,FURIA,CBLOL,2022-08-28 18:03:03,LOUD
ESPORTSTMNT04_2472249,LOUD,paiN Gaming,CBLOL,2022-09-03 15:45:44,LOUD
ESPORTSTMNT04_2472255,LOUD,paiN Gaming,CBLOL,2022-09-03 17:32:14,LOUD
ESPORTSTMNT04_2472256,paiN Gaming,LOUD,CBLOL,2022-09-03 18:34:04,LOUD
ESPORTSTMNT05_2940471,RED Canids,INTZ,CBLOL,2022-07-09 15:46:05,RED Canids
ESPORTSTMNT05_2940485,FURIA,LOUD,CBLOL,2022-07-09 16:51:24,FURIA
ESPORTSTMNT05_2940496,Rensga eSports,Liberty,CBLOL,2022-07-09 17:58:01,Liberty
ESPORTSTMNT05_2940522,paiN Gaming,Los Grandes,CBLOL,2022-07-09 19:07:08,paiN Gaming
ESPORTSTMNT05_2940545,Miners,KaBuM! Esports,CBLOL,2022-07-09 20:14:51,KaBuM! Esports
ESPORTSTMNT05_2940652,LOUD,Los Grandes,CBLOL,2022-07-10 15:44:59,Los Grandes
ESPORTSTMNT05_2940663,Miners,Liberty,CBLOL,2022-07-10 16:59:43,Miners
ESPORTSTMNT05_2940678,KaBuM! Esports,FURIA,CBLOL,2022-07-10 18:08:20,FURIA
ESPORTSTMNT05_2940695,Rensga eSports,INTZ,CBLOL,2022-07-10 19:10:31,INTZ
ESPORTSTMNT05_2940706,RED Canids,paiN Gaming,CBLOL,2022-07-10 20:03:25,paiN Gaming
ESPORTSTMNT05_2942917,Rensga eSports,paiN Gaming,CBLOL,2022-07-17 15:44:52,paiN Gaming
ESPORTSTMNT05_2942940,Miners,RED Canids,CBLOL,2022-07-17 16:52:17,Miners
ESPORTSTMNT05_2942953,FURIA,INTZ,CBLOL,2022-07-17 17:48:51,FURIA
ESPORTSTMNT05_2942985,KaBuM! Esports,LOUD,CBLOL,2022-07-17 18:56:06,LOUD
ESPORTSTMNT05_2943011,Los Grandes,Liberty,CBLOL,2022-07-17 19:51:18,Liberty
ESPORTSTMNT05_2952661,RED Canids,Rensga eSports,CBLOL,2022-07-16 15:47:14,RED Canids
ESPORTSTMNT05_2952682,paiN Gaming,LOUD,CBLOL,2022-07-16 17:03:47,paiN Gaming
ESPORTSTMNT05_2952699,Los Grandes,KaBuM! Esports,CBLOL,2022-07-16 18:26:21,KaBuM! Esports
ESPORTSTMNT05_2952730,Liberty,FURIA,CBLOL,2022-07-16 19:26:56,FURIA
ESPORTSTMNT05_2952770,INTZ,Miners,CBLOL,2022-07-16 20:29:52,Miners
ESPORTSTMNT06_2530590,Miners,paiN Gaming,CBLOL,2022-07-24 15:42:36,paiN Gaming
ESPORTSTMNT06_2530612,FURIA,Rensga eSports,CBLOL,2022-07-24 16:58:30,FURIA
ESPORTSTMNT06_2530618,LOUD,INTZ,CBLOL,2022-07-24 17:50:46,LOUD
ESPORTSTMNT06_2530630,KaBuM! Esports,Liberty,CBLOL,2022-07-24 18:51:09,KaBuM! Esports
ESPORTSTMNT06_2530656,Los Grandes,RED Canids,CBLOL,2022-07-24 19:44:34,RED Canids
ESPORTSTMNT06_2531505,INTZ,KaBuM! Esports,CBLOL,2022-07-30 15:41:58,KaBuM! Esports
ESPORTSTMNT06_2531522,Rensga eSports,Los Grandes,CBLOL,2022-07-30 16:48:43,Los Grandes
ESPORTSTMNT06_2531539,paiN Gaming,Liberty,CBLOL,2022-07-30 17:47:01,Liberty
ESPORTSTMNT06_2531557,RED Canids,LOUD,CBLOL,2022-07-30 18:43:00,LOUD
ESPORTSTMNT06_2531561,Miners,FURIA,CBLOL,2022-07-30 19:47:12,FURIA
ESPORTSTMNT06_2531658,Liberty,INTZ,CBLOL,2022-07-31 15:41:50,INTZ
ESPORTSTMNT06_2531669,Los Grandes,Miners,CBLOL,2022-07-31 16:47:20,Miners
ESPORTSTMNT06_2531681,LOUD,Rensga eSports,CBLOL,2022-07-31 17:47:39,LOUD
ESPORTSTMNT06_2531694,FURIA,paiN Gaming,CBLOL,2022-07-31 18:44:08,FURIA
ESPORTSTMNT06_2531704,KaBuM! Esports,RED Canids,CBLOL,2022-07-31 19:47:25,RED Canids
ESPORTSTMNT06_2540375,RED Canids,FURIA,CBLOL,2022-07-23 16:23:00,FURIA
ESPORTSTMNT06_2540393,paiN Gaming,KaBuM! Esports,CBLOL,2022-07-23 17:01:36,KaBuM! Esports
ESPORTSTMNT06_2540411,Rensga eSports,Miners,CBLOL,2022-07-23 18:27:00,Miners
ESPORTSTMNT06_2540426,INTZ,Los Grandes,CBLOL,2022-07-23 19:00:40,INTZ
ESPORTSTMNT06_2540444,Liberty,LOUD,CBLOL,2022-07-23 20:05:52,LOUD
